title	id	description	license	group_id	container	storage_account	keywords	providers	link	bbox	temporal	variables	dimensions	assets
10m Annual Land Use Land Cover (9-class)	io-lulc-9-class	Global land cover information with 9 classes for for 2017-2021 at 10m resolution	CC-BY-4.0	io-land-cover	io-lulc	ai4edataeuwest	['Global', 'Land Cover', 'Land Use', 'Sentinel']	['Esri', 'Impact Observatory', 'Microsoft']	https://planetarycomputer.microsoft.com/api/stac/v1/collections/io-lulc-9-class/items	[-180, -90, 180, 90]	['2017-01-01T00:00:00Z', '2022-01-01T00:00:00Z']			['data']
ALOS Forest/Non-Forest Annual Mosaic	alos-fnf-mosaic	"Global 25m resolution map classifying ""forest"" and ""non-forest"" landcover."	proprietary		palsar	https://pceo.blob.core.windows.net/	['ALOS', 'JAXA', 'Forest', 'Land Cover', 'Global']	['Japan Aerospace Exploration Agency', 'Development Seed', 'Microsoft Planetary Computer']	https://planetarycomputer.microsoft.com/api/stac/v1/collections/alos-fnf-mosaic/items	[-180.0, 85.0, 180.0, -56.0]	['2015-01-01T00:00:00Z', '2020-12-31T23:59:59Z']			['C']
ALOS PALSAR Annual Mosaic	alos-palsar-mosaic	Global 25m resolution SAR image mosaic.	proprietary		palsar	https://pceo.blob.core.windows.net/	['ALOS', 'JAXA', 'Remote Sensing', 'Global']	['Japan Aerospace Exploration Agency', 'Development Seed', 'Microsoft Planetary Computer']	https://planetarycomputer.microsoft.com/api/stac/v1/collections/alos-palsar-mosaic/items	[-180.0, 85.0, 180.0, -56.0]	['2015-01-01T00:00:00Z', '2021-12-31T23:59:59Z']			['HH', 'HV', 'VH', 'VV', 'date', 'mask', 'linci', 'metadata']
ALOS World 3D-30m	alos-dem	ALOS World 3D is a global digital surface model (DSM) with a horizontal resolution of approximately 30 meters, constructed from the Panchromatic Remote-sensing Instrument for Stereo Mapping (PRISM) on board Advanced Land Observing Satellite (ALOS).	proprietary		alos-dem	ai4edataeuwest	['ALOS', 'PRISM', 'JAXA', 'DEM', 'DSM', 'Elevation']	['Japan Aerospace Exploration Agency', 'OpenTopography', 'Microsoft']	https://planetarycomputer.microsoft.com/api/stac/v1/collections/alos-dem/items	[-180, -90, 180, 90]	['2016-12-07T00:00:00Z', '2016-12-07T00:00:00Z']			['data']
ASTER L1T	aster-l1t	The ASTER instrument, launched on-board NASA's Terra satellite in 1999, provides multispectral images of the Earth at 15m-90m resolution.  This dataset contains ASTER data from 2000-2006.	proprietary		aster	astersa	['ASTER', 'USGS', 'NASA', 'Satellite', 'Global']	['NASA', 'USGS', 'Microsoft']	https://planetarycomputer.microsoft.com/api/stac/v1/collections/aster-l1t/items	[-180, -90, 180, 90]	['2000-03-04T12:00:00Z', '2006-12-31T12:00:00Z']			['TIR', 'xml', 'SWIR', 'VNIR', 'qa-txt', 'qa-browse', 'tir-browse', 'vnir-browse']
C-CAP Regional Land Cover and Change	noaa-c-cap	Periodic coastal landcover classifications back to 1975	proprietary		noaa-c-cap	ai4edataeuwest	['Land Cover', 'Land Use', 'NOAA', 'Coastal']	['National Oceanic and Atmospheric Administration, Office for Coastal Management', 'Microsoft']	https://planetarycomputer.microsoft.com/api/stac/v1/collections/noaa-c-cap/items	[-160.315986, 17.892786, -64.966857, 49.471148]	['1975-01-01T00:00:00Z', '2016-12-31T00:00:00Z']			['data', 'metadata']
CIL Global Downscaled Projections for Climate Impacts Research (CC-BY-4.0)	cil-gdpcir-cc-by	Climate Impact Lab Global Downscaled Projections for Climate Impacts Research (CC-BY-4.0)	CC-BY-4.0	cil-gdpcir	cil-gdpcir	rhgeuwest	['CMIP6', 'Climate Impact Lab', 'Rhodium Group', 'Precipitation', 'Temperature']	['Climate Impact Lab', 'Microsoft']	https://planetarycomputer.microsoft.com/api/stac/v1/collections/cil-gdpcir-cc-by/items	[-180, -90, 180, 90]	['1950-01-01T00:00:00Z', '2100-12-31T00:00:00Z']	['pr', 'tasmax', 'tasmin']	['lat', 'lon', 'time']	['pr', 'tasmax', 'tasmin']
CIL Global Downscaled Projections for Climate Impacts Research (CC-BY-SA-4.0)	cil-gdpcir-cc-by-sa	Climate Impact Lab Global Downscaled Projections for Climate Impacts Research (CC-BY-SA-4.0)	CC-BY-SA-4.0	cil-gdpcir	cil-gdpcir	rhgeuwest	['CMIP6', 'Climate Impact Lab', 'Rhodium Group', 'Precipitation', 'Temperature']	['Climate Impact Lab', 'Microsoft']	https://planetarycomputer.microsoft.com/api/stac/v1/collections/cil-gdpcir-cc-by-sa/items	[-180, -90, 180, 90]	['1950-01-01T00:00:00Z', '2100-12-31T00:00:00Z']	['pr', 'tasmax', 'tasmin']	['lat', 'lon', 'time']	['pr', 'tasmax', 'tasmin']
CIL Global Downscaled Projections for Climate Impacts Research (CC0-1.0)	cil-gdpcir-cc0	Climate Impact Lab Global Downscaled Projections for Climate Impacts Research (CC0-1.0)	CC0-1.0	cil-gdpcir	cil-gdpcir	rhgeuwest	['CMIP6', 'Climate Impact Lab', 'Rhodium Group', 'Precipitation', 'Temperature']	['Climate Impact Lab', 'Microsoft']	https://planetarycomputer.microsoft.com/api/stac/v1/collections/cil-gdpcir-cc0/items	[-180, -90, 180, 90]	['1950-01-01T00:00:00Z', '2100-12-31T00:00:00Z']	['pr', 'tasmax', 'tasmin']	['lat', 'lon', 'time']	['pr', 'tasmax', 'tasmin']
Chesapeake Land Cover (13-class)	chesapeake-lc-13	Chesapeake Bay Watershed land cover product with 13 classes at 1m resolution.	proprietary	chesapeake-lulc	chesapeake	landcoverdata	['Land Cover', 'Chesapeake Bay Watershed', 'Chesapeake Conservancy']	['Chesapeake Conservancy Conservation Innovation Center', 'Microsoft']	https://planetarycomputer.microsoft.com/api/stac/v1/collections/chesapeake-lc-13/items	[-81.14658496196135, 36.21291717905733, -73.27357561029186, 44.77821441524524]	['2013-01-01T00:00:00Z', '2014-12-31T23:59:59Z']			['data']
Chesapeake Land Cover (7-class)	chesapeake-lc-7	Chesapeake Bay Watershed land cover product with 7 classes at 1m resolution.	proprietary	chesapeake-lulc	chesapeake	landcoverdata	['Land Cover', 'Chesapeake Bay Watershed', 'Chesapeake Conservancy']	['Chesapeake Conservancy Conservation Innovation Center', 'Microsoft']	https://planetarycomputer.microsoft.com/api/stac/v1/collections/chesapeake-lc-7/items	[-81.14658496196135, 36.21291717905733, -73.27357561029186, 44.77821441524524]	['2013-01-01T00:00:00Z', '2014-12-31T23:59:59Z']			['data']
Chesapeake Land Use	chesapeake-lu	Chesapeake Bay Watershed land use product with 17 classes at 1m resolution.	proprietary	chesapeake-lulc	chesapeake	landcoverdata	['Land Use', 'Chesapeake Bay Watershed', 'Chesapeake Conservancy']	['Chesapeake Conservancy Conservation Innovation Center', 'Microsoft']	https://planetarycomputer.microsoft.com/api/stac/v1/collections/chesapeake-lu/items	[-81.14648244566828, 36.18730972451623, -73.11082086653798, 44.7781991560751]	['2013-01-01T00:00:00Z', '2014-12-31T23:59:59Z']			['data']
Chloris Biomass	chloris-biomass	The Chloris Global Biomass 2003 - 2019 dataset provides estimates of stock and change in aboveground biomass for Earth's terrestrial woody vegetation ecosystems during the period 2003 - 2019, at annual time steps. The global dataset has a circa 4.6 km spatial resolution.	CC-BY-NC-SA-4.0		chloris-biomass	ai4edataeuwest	['Chloris', 'Biomass', 'MODIS', 'Carbon']	['Chloris', 'Microsoft']	https://planetarycomputer.microsoft.com/api/stac/v1/collections/chloris-biomass/items	[-179.95, -60, 179.95, 90]	['2003-07-31T00:00:00Z', '2019-07-31T00:00:00Z']			['biomass', 'biomass_wm', 'biomass_change', 'biomass_change_wm']
Copernicus DEM GLO-30	cop-dem-glo-30	Copernicus DEM 30 is a near-global digital surface model (DSM) with a horizontal resolution of approximately 30 meters, derived from radar satellite data acquired during the TanDEM-X mission.	proprietary	copernicus-dem	copernicus-dem-stac	elevationeuwest	['Copernicus', 'DEM', 'DSM', 'Elevation']	['European Space Agency', 'Sinergise', 'OpenTopography', 'Microsoft']	https://planetarycomputer.microsoft.com/api/stac/v1/collections/cop-dem-glo-30/items	[-180, -90, 180, 90]	['2021-04-22T00:00:00Z', '2021-04-22T00:00:00Z']			['data']
Copernicus DEM GLO-90	cop-dem-glo-90	Copernicus DEM 90 is a near-global digital surface model (DSM) with a horizontal resolution of approximately 90 meters, derived from radar satellite data acquired during the TanDEM-X mission.	proprietary	copernicus-dem	copernicus-dem-stac	elevationeuwest	['Copernicus', 'DEM', 'Elevation']	['European Space Agency', 'Sinergise', 'OpenTopography', 'Microsoft']	https://planetarycomputer.microsoft.com/api/stac/v1/collections/cop-dem-glo-90/items	[-180, -90, 180, 90]	['2021-04-22T00:00:00Z', '2021-04-22T00:00:00Z']			['data']
Daymet Annual Hawaii	daymet-annual-hi	Annual climate summaries on a 1-km grid for Hawaii	proprietary	daymet	daymet-zarr	daymeteuwest	['Daymet', 'Hawaii', 'Temperature', 'Precipitation', 'Vapor Pressure', 'Climate']	['Microsoft', 'ORNL DAAC']	https://planetarycomputer.microsoft.com/api/stac/v1/collections/daymet-annual-hi/items	[-160.3056, 17.9539, -154.772, 23.5186]	['1980-07-01T12:00:00Z', '2020-07-01T12:00:00Z']	['vp', 'lat', 'lon', 'swe', 'prcp', 'tmax', 'tmin', 'time_bnds', 'lambert_conformal_conic']	['x', 'y', 'nv', 'time']	
Daymet Annual North America	daymet-annual-na	Annual climate summaries on a 1-km grid for North America	proprietary	daymet	daymet-zarr	daymeteuwest	['Daymet', 'North America', 'Temperature', 'Precipitation', 'Vapor Pressure', 'Climate']	['Microsoft', 'ORNL DAAC']	https://planetarycomputer.microsoft.com/api/stac/v1/collections/daymet-annual-na/items	[-178.1333, 14.0749, -53.0567, 82.9143]	['1980-07-01T12:00:00Z', '2020-07-01T12:00:00Z']	['vp', 'lat', 'lon', 'swe', 'prcp', 'tmax', 'tmin', 'time_bnds', 'lambert_conformal_conic']	['x', 'y', 'nv', 'time']	
Daymet Annual Puerto Rico	daymet-annual-pr	Annual climate summaries on a 1-km grid for Puerto Rico	proprietary	daymet	daymet-zarr	daymeteuwest	['Daymet', 'Puerto Rico', 'Temperature', 'Precipitation', 'Vapor Pressure', 'Climate']	['Microsoft', 'ORNL DAAC']	https://planetarycomputer.microsoft.com/api/stac/v1/collections/daymet-annual-pr/items	[-67.9927, 16.8444, -64.1196, 19.9382]	['1980-07-01T12:00:00Z', '2020-07-01T12:00:00Z']	['vp', 'lat', 'lon', 'swe', 'prcp', 'tmax', 'tmin', 'time_bnds', 'lambert_conformal_conic']	['x', 'y', 'nv', 'time']	
Daymet Daily Hawaii	daymet-daily-hi	Daily surface weather data on a 1-km grid for Hawaii	proprietary	daymet	daymet-zarr	daymeteuwest	['Daymet', 'Hawaii', 'Temperature', 'Precipitation', 'Vapor Pressure', 'Weather']	['Microsoft', 'ORNL DAAC']	https://planetarycomputer.microsoft.com/api/stac/v1/collections/daymet-daily-hi/items	[-160.3056, 17.9539, -154.772, 23.5186]	['1980-01-01T12:00:00Z', '2020-12-30T12:00:00Z']	['vp', 'lat', 'lon', 'swe', 'dayl', 'prcp', 'srad', 'tmax', 'tmin', 'yearday', 'time_bnds', 'lambert_conformal_conic']	['x', 'y', 'nv', 'time']	
Daymet Daily North America	daymet-daily-na	Daily surface weather data on a 1-km grid for North America	proprietary	daymet	daymet-zarr	daymeteuwest	['Daymet', 'North America', 'Temperature', 'Precipitation', 'Vapor Pressure', 'Weather']	['Microsoft', 'ORNL DAAC']	https://planetarycomputer.microsoft.com/api/stac/v1/collections/daymet-daily-na/items	[-178.1333, 14.0749, -53.0567, 82.9143]	['1980-01-01T12:00:00Z', '2020-12-30T12:00:00Z']	['vp', 'lat', 'lon', 'swe', 'dayl', 'prcp', 'srad', 'tmax', 'tmin', 'yearday', 'time_bnds', 'lambert_conformal_conic']	['x', 'y', 'nv', 'time']	
Daymet Daily Puerto Rico	daymet-daily-pr	Daily surface weather data on a 1-km grid for Puerto Rico	proprietary	daymet	daymet-zarr	daymeteuwest	['Daymet', 'Puerto Rico', 'Temperature', 'Precipitation', 'Vapor Pressure', 'Weather']	['Microsoft', 'ORNL DAAC']	https://planetarycomputer.microsoft.com/api/stac/v1/collections/daymet-daily-pr/items	[-67.9927, 16.8444, -64.1196, 19.9382]	['1980-01-01T12:00:00Z', '2020-12-30T12:00:00Z']	['vp', 'lat', 'lon', 'swe', 'dayl', 'prcp', 'srad', 'tmax', 'tmin', 'yearday', 'time_bnds', 'lambert_conformal_conic']	['x', 'y', 'nv', 'time']	
Daymet Monthly Hawaii	daymet-monthly-hi	Monthly climate summaries on a 1-km grid for Hawaii	proprietary	daymet	daymet-zarr	daymeteuwest	['Daymet', 'Hawaii', 'Temperature', 'Precipitation', 'Vapor Pressure', 'Climate']	['Microsoft', 'ORNL DAAC']	https://planetarycomputer.microsoft.com/api/stac/v1/collections/daymet-monthly-hi/items	[-160.3056, 17.9539, -154.772, 23.5186]	['1980-01-16T12:00:00Z', '2020-12-16T00:00:00Z']	['vp', 'lat', 'lon', 'swe', 'prcp', 'tmax', 'tmin', 'time_bnds', 'lambert_conformal_conic']	['x', 'y', 'nv', 'time']	
Daymet Monthly North America	daymet-monthly-na	Monthly climate summaries on a 1-km grid for North America	proprietary	daymet	daymet-zarr	daymeteuwest	['Daymet', 'North America', 'Temperature', 'Precipitation', 'Vapor Pressure', 'Climate']	['Microsoft', 'ORNL DAAC']	https://planetarycomputer.microsoft.com/api/stac/v1/collections/daymet-monthly-na/items	[-178.1333, 14.0749, -53.0567, 82.9143]	['1980-01-16T12:00:00Z', '2020-12-16T00:00:00Z']	['vp', 'lat', 'lon', 'swe', 'prcp', 'tmax', 'tmin', 'time_bnds', 'lambert_conformal_conic']	['x', 'y', 'nv', 'time']	
Daymet Monthly Puerto Rico	daymet-monthly-pr	Monthly climate summaries on a 1-km grid for Puerto Rico	proprietary	daymet	daymet-zarr	daymeteuwest	['Daymet', 'Puerto Rico', 'Temperature', 'Precipitation', 'Vapor Pressure', 'Climate']	['Microsoft', 'ORNL DAAC']	https://planetarycomputer.microsoft.com/api/stac/v1/collections/daymet-monthly-pr/items	[-67.9927, 16.8444, -64.1196, 19.9382]	['1980-01-16T12:00:00Z', '2020-12-16T00:00:00Z']	['vp', 'lat', 'lon', 'swe', 'prcp', 'tmax', 'tmin', 'time_bnds', 'lambert_conformal_conic']	['x', 'y', 'nv', 'time']	
Deltares Global Flood Maps	deltares-floods	Global estimates of coastal inundation under various sea level rise conditions and return periods.	CDLA-Permissive-1.0		floods	deltaresfloodssa	['Deltares', 'Flood', 'Sea level rise', 'Water', 'Global']	['Deltares', 'Microsoft']	https://planetarycomputer.microsoft.com/api/stac/v1/collections/deltares-floods/items	[-180.0, 90.0, 180.0, -90.0]	['2018-01-01T00:00:00Z', '2018-12-31T00:00:00Z']	['inun', 'projection']	['lat', 'lon', 'time']	['data', 'index']
Deltares Global Water Availability	deltares-water-availability	Historical daily reservoir variations.	CDLA-Permissive-1.0		reservoirs	deltaresreservoirssa	['Deltares', 'Water availability', 'Reservoir', 'Water', 'Precipitation']	['Deltares', 'Microsoft']	https://planetarycomputer.microsoft.com/api/stac/v1/collections/deltares-water-availability/items	[-180.0, 90.0, 180.0, -90.0]	['1970-01-01T00:00:00Z', '2020-12-31T00:00:00Z']	['P', 'ETa', 'PET', 'Melt', 'Snow', 'Temp', 'P_res', 'S_res', 'Ea_res', 'Qin_res', 'FracFull', 'Qout_res', 'latitude', 'longitude']	['time', 'GrandID', 'ksathorfrac']	['data', 'index']
Denver Regional Council of Governments Land Use Land Cover	drcog-lulc	2018 and 2020 Land Use/Land Cover classification of the Denver, Colorado region.	proprietary		drcog-lulc	landcoverdata	['Land Cover', 'Land Use', 'NAIP', 'USDA']	['Denver Regional Council of Governments', 'Microsoft']	https://planetarycomputer.microsoft.com/api/stac/v1/collections/drcog-lulc/items	[-105.93962510864995, 39.10438697007073, -103.66801443832743, 40.320593119647256]	['2018-01-01T00:00:00Z', '2020-12-31T23:59:59Z']			['data']
ECMWF Open Data (real-time)	ecmwf-forecast	ECMWF Open Data (Real Time) forecasts	CC-BY-4.0		ecmwf	ai4edatauewest	['ECMWF', 'forecast', 'weather']	['ECMWF']	https://planetarycomputer.microsoft.com/api/stac/v1/collections/ecmwf-forecast/items	[-180.0, 90.0, 180.0, -90.0]	[None, None]			['data', 'index']
ERA5 - PDS	era5-pds	A comprehensive reanalysis, which assimilates as many observations as possible in the upper air and near surface.	proprietary		era5	cpdataeuwest	['ERA5', 'ECMWF', 'Precipitation', 'Temperature', 'Reanalysis', 'Weather']	['ECMWF', 'Planet OS', 'Microsoft']	https://planetarycomputer.microsoft.com/api/stac/v1/collections/era5-pds/items	[-180, -90, 180, 90]	['1979-01-01T00:00:00Z', None]	['time1_bounds', 'surface_air_pressure', 'sea_surface_temperature', 'eastward_wind_at_10_metres', 'air_temperature_at_2_metres', 'eastward_wind_at_100_metres', 'northward_wind_at_10_metres', 'northward_wind_at_100_metres', 'air_pressure_at_mean_sea_level', 'dew_point_temperature_at_2_metres', 'precipitation_amount_1hour_Accumulation', 'air_temperature_at_2_metres_1hour_Maximum', 'air_temperature_at_2_metres_1hour_Minimum', 'integral_wrt_time_of_surface_direct_downwelling_shortwave_flux_in_air_1hour_Accumulation']	['lat', 'lon', 'time']	['surface_air_pressure', 'sea_surface_temperature', 'eastward_wind_at_10_metres', 'air_temperature_at_2_metres', 'eastward_wind_at_100_metres', 'northward_wind_at_10_metres', 'northward_wind_at_100_metres', 'air_pressure_at_mean_sea_level', 'dew_point_temperature_at_2_metres', 'precipitation_amount_1hour_Accumulation', 'air_temperature_at_2_metres_1hour_Maximum', 'air_temperature_at_2_metres_1hour_Minimum', 'integral_wrt_time_of_surface_direct_downwelling_shortwave_flux_in_air_1hour_Accumulation']
ESA WorldCover 2020	esa-worldcover	Global land cover product at 10 meter resolution for 2020 based on Sentinel-1 and Sentinel-2 data	CC-BY-4.0		esa-worldcover	ai4edataeuwest	['Global', 'Land Cover', 'Sentinel', 'ESA']	['ESA', 'ESA WorldCover Consortium', 'Microsoft']	https://planetarycomputer.microsoft.com/api/stac/v1/collections/esa-worldcover/items	[-180.0, -60.0, 180.0, 82.75]	['2020-01-01T00:00:00Z', '2020-12-31T23:59:59Z']			['map']
Earth Exchange Global Daily Downscaled Projections (NEX-GDDP-CMIP6)	nasa-nex-gddp-cmip6	['Global downscaled climate scenarios derived from the General Circulation Model conducted under CMIP6.']	proprietary		nex-gddp-cmip6	nasagddp	['CMIP6', 'NASA', 'Climate', 'Humidity', 'Precipitation', 'Temperature']	['NASA NEX', 'Microsoft']	https://planetarycomputer.microsoft.com/api/stac/v1/collections/nasa-nex-gddp-cmip6/items	[-180, -90, 180, 90]	['1950-01-01T00:00:00Z', '2100-12-31T00:00:00Z']	['pr', 'tas', 'hurs', 'huss', 'rlds', 'rsds', 'tasmax', 'tasmin', 'sfcWind']	['lat', 'lon', 'time']	['pr', 'tas', 'hurs', 'huss', 'rlds', 'rsds', 'tasmax', 'tasmin', 'sfcWind']
Esri 10-Meter Land Cover (10-class)	io-lulc	Global land cover information for 2020 at 10m resolution	CC-BY-4.0	io-land-cover	io-lulc	ai4edataeuwest	['Global', 'Land Cover', 'Land Use', 'Sentinel']	['Esri', 'Impact Observatory', 'Microsoft']	https://planetarycomputer.microsoft.com/api/stac/v1/collections/io-lulc/items	[-180, -90, 180, 90]	['2017-01-01T00:00:00Z', '2021-01-01T00:00:00Z']			['data']
Forest Inventory and Analysis	fia	Status and trends on U.S. forest location, health, growth, mortality, and production, from the U.S. Forest Service's Forest Inventory and Analysis (FIA) program	CC0-1.0		cpdata	cpdataeuwest	['Forest', 'Species', 'Carbon', 'Biomass', 'USDA', 'Forest Service']	['Forest Inventory & Analysis', 'CarbonPlan', 'Microsoft']	https://planetarycomputer.microsoft.com/api/stac/v1/collections/fia/items	[138.06, 0.92, 163.05, 9.78]	['2020-06-01T00:00:00Z', None]			['data']
GOES-R Cloud & Moisture Imagery	goes-cmi	High temporal cadence cloud and moisture imagery over the Western Hemisphere from the Advanced Baseline Imager (ABI) instrument.	proprietary	goes	noaa-goes-cogs	goeseuwest	['GOES', 'NOAA', 'NASA', 'Satellite', 'Cloud', 'Moisture']	['NASA', 'NOAA', 'Microsoft']	https://planetarycomputer.microsoft.com/api/stac/v1/collections/goes-cmi/items	[-180.0, -81.33, 6.3, 81.33]	['2017-02-28T00:16:52Z', None]			['C01_1km', 'C01_2km', 'C02_2km', 'C03_1km', 'C03_2km', 'C04_2km', 'C05_1km', 'C05_2km', 'C06_2km', 'C07_2km', 'C08_2km', 'C09_2km', 'C10_2km', 'C11_2km', 'C12_2km', 'C13_2km', 'C14_2km', 'C15_2km', 'C16_2km', 'MCMIP-nc', 'C02_0.5km', 'C01_2km_wm', 'C02_2km_wm', 'C03_2km_wm', 'C01_DQF_1km', 'C01_DQF_2km', 'C02_DQF_2km', 'C03_DQF_1km', 'C03_DQF_2km', 'C04_DQF_2km', 'C05_DQF_1km', 'C05_DQF_2km', 'C06_DQF_2km', 'C07_DQF_2km', 'C08_DQF_2km', 'C09_DQF_2km', 'C10_DQF_2km', 'C11_DQF_2km', 'C12_DQF_2km', 'C13_DQF_2km', 'C14_DQF_2km', 'C15_DQF_2km', 'C16_DQF_2km', 'CMIP_C01-nc', 'CMIP_C02-nc', 'CMIP_C03-nc', 'CMIP_C04-nc', 'CMIP_C05-nc', 'CMIP_C06-nc', 'CMIP_C07-nc', 'CMIP_C08-nc', 'CMIP_C09-nc', 'CMIP_C10-nc', 'CMIP_C11-nc', 'CMIP_C12-nc', 'CMIP_C13-nc', 'CMIP_C14-nc', 'CMIP_C15-nc', 'CMIP_C16-nc', 'C02_DQF_0.5km']
GOES-R Lightning Detection	goes-glm	Continuous lightning detection over the Western Hemisphere from the Geostationary Lightning Mapper (GLM) instrument.	proprietary	goes	noaa-goes-geoparquet	goeseuwest	['GOES', 'NOAA', 'NASA', 'Satellite', 'Lightning', 'Weather']	['NASA', 'NOAA', 'Microsoft']	https://planetarycomputer.microsoft.com/api/stac/v1/collections/goes-glm/items	[-180.0, -66.56, -8.44, 66.56]	['2018-02-13T16:10:00Z', None]			['netcdf', 'geoparquet_events', 'geoparquet_groups', 'geoparquet_flashes']
GPM IMERG	gpm-imerg-hhr	The Integrated Multi-satellitE Retrievals for GPM (IMERG) algorithm combines information from the GPM satellite constellation to estimate precipitation over the majority of the Earth's surface.	proprietary		imerg	ai4edataeuwest	['IMERG', 'GPM', 'Precipitation']	['Development Seed', 'Microsoft', 'NASA']	https://planetarycomputer.microsoft.com/api/stac/v1/collections/gpm-imerg-hhr/items	[-180, -90, 180, 90]	['2000-06-01T00:00:00Z', '2021-05-31T23:30:00Z']	['lat_bnds', 'lon_bnds', 'time_bnds', 'randomError', 'HQprecipSource', 'HQprecipitation', 'IRprecipitation', 'precipitationCal', 'HQobservationTime', 'precipitationUncal', 'IRkalmanFilterWeight', 'precipitationQualityIndex', 'probabilityLiquidPrecipitation']	['lat', 'lon', 'time']	
Global Biodiversity Information Facility (GBIF)	gbif	Global biodiversity observation records, documenting over 1.6 billion species occurrences	proprietary		gbif	ai4edataeuwest	['GBIF', 'Biodiversity', 'Species']	['Global Biodiversity Information Facility', 'Microsoft']	https://planetarycomputer.microsoft.com/api/stac/v1/collections/gbif/items	[-180, -90, 180, 90]	['2021-04-13T00:00:00Z', None]			['data']
Gnatsgo Soil Database - Rasters	gnatsgo-rasters	Raster data for the gridded National Soil Survey Geographic Database (gNATSGO), a USDA-NRCS Soil & Plant Science Division (SPSD) composite database that provides complete coverage of the best available soils information for all areas of the United States and Island Territories.	CC0-1.0	gnatsgo	gnatsgo-stac	soils	['Soils', 'NATSGO', 'SSURGO', 'STATSGO2', 'RSS', 'USDA', 'United States']	['United States Department of Agriculture, Natural Resources Conservation Service', 'Microsoft']	https://planetarycomputer.microsoft.com/api/stac/v1/collections/gnatsgo-rasters/items	[-170.8513, -14.3799, -169.4152, -14.1432]	['2020-07-01T00:00:00Z', '2020-07-01T00:00:00Z']			['mukey', 'aws0_5', 'soc0_5', 'tk0_5a', 'tk0_5s', 'aws0_20', 'aws0_30', 'aws5_20', 'soc0_20', 'soc0_30', 'soc5_20', 'tk0_20a', 'tk0_20s', 'tk0_30a', 'tk0_30s', 'tk5_20a', 'tk5_20s', 'aws0_100', 'aws0_150', 'aws0_999', 'aws20_50', 'droughty', 'nccpi3sg', 'soc0_100', 'soc0_150', 'soc0_999', 'soc20_50', 'tk0_100a', 'tk0_100s', 'tk0_150a', 'tk0_150s', 'tk0_999a', 'tk0_999s', 'tk20_50a', 'tk20_50s', 'aws50_100', 'musumcpct', 'nccpi3all', 'nccpi3cot', 'nccpi3soy', 'pwsl1pomu', 'rootznaws', 'rootznemc', 'soc50_100', 'tk50_100a', 'tk50_100s', 'aws100_150', 'aws150_999', 'musumcpcta', 'musumcpcts', 'nccpi3corn', 'pctearthmc', 'soc100_150', 'soc150_999', 'tk100_150a', 'tk100_150s', 'tk150_999a', 'tk150_999s']
Gnatsgo Soil Database - Tables	gnatsgo-tables	The gridded National Soil Survey Geographic Database (gNATSGO) is a USDA-NRCS Soil & Plant Science Division (SPSD) composite database that provides complete coverage of the best available soils information for all areas of the United States and Island Territories.	CC0-1.0	gnatsgo	gnatsgo-stac	soils	['Soils', 'NATSGO', 'SSURGO', 'STATSGO2', 'RSS', 'USDA', 'United States']	['United States Department of Agriculture, Natural Resources Conservation Service', 'Microsoft']	https://planetarycomputer.microsoft.com/api/stac/v1/collections/gnatsgo-tables/items	[-170.8513, -14.3799, -169.4152, -14.1432]	['2020-07-01T00:00:00Z', '2020-07-01T00:00:00Z']			['data']
Gridmet	gridmet	Daily high-spatial resolution surface meteorological data covering the contiguous United States from 1979 to the present	CC0-1.0		gridmet	ai4edataeuwest	['gridMET', 'Water', 'Precipitation', 'Temperature', 'Vapor Pressure', 'Climate']	['Development Seed', 'Microsoft', 'Climatology Lab', 'Abatzoglou, J.T.']	https://planetarycomputer.microsoft.com/api/stac/v1/collections/gridmet/items	[-124.76666663333334, 25.066666666666666, -67.05833330000002, 49.400000000000006]	['1979-01-01T00:00:00Z', '2020-12-31T00:00:00Z']	['wind_speed', 'air_temperature', 'burning_index_g', 'relative_humidity', 'specific_humidity', 'wind_from_direction', 'precipitation_amount', 'dead_fuel_moisture_100hr', 'dead_fuel_moisture_1000hr', 'mean_vapor_pressure_deficit', 'potential_evapotranspiration', 'surface_downwelling_shortwave_flux_in_air']	['lat', 'lon', 'time']	
HGB: Harmonized Global Biomass for 2010	hgb	Global maps of aboveground and belowground biomass carbon density for the year 2010 at 300m resolution	proprietary		cpdata	cpdataeuwest	['Biomass', 'Carbon', 'ORNL']	['Oak Ridge National Laboratory Distributed Active Archive Center', 'CarbonPlan', 'Microsoft']	https://planetarycomputer.microsoft.com/api/stac/v1/collections/hgb/items	[-180.0, -61.002778, 180.0, 84.0]	['2010-12-31T00:00:00Z', '2010-12-31T00:00:00Z']			['aboveground', 'belowground', 'aboveground_uncertainty', 'belowground_uncertainty']
HREA: High Resolution Electricity Access	hrea	Settlement-level measures of electricity access, reliability, and usage derived from VIIRS satellite imagery	CC-BY-4.0		hrea	hreadatasa	['HREA', 'Electricity', 'VIIRS']	['University of Michigan', 'Microsoft']	https://planetarycomputer.microsoft.com/api/stac/v1/collections/hrea/items	[-117.413972, -55.54235, -53.092722, 32.718434]	['2012-12-31T00:00:00Z', '2019-12-31T00:00:00Z']			['lightscore', 'light-composite', 'night-proportion', 'estimated-brightness']
HydroForecast - Kwando & Upper Zambezi Rivers	kaza-hydroforecast	Seasonal river flow forecasts for the Kwando and Upper Zambezi rivers in the KAZA region of Africa, produced by Upstream Tech's HydroForecast model.	CDLA-Sharing-1.0		hydroforecast	ai4edataeuwest	['Water', 'HydroForecast', 'Streamflow', 'Hydrology', 'Upstream Tech']	['Upstream Tech', 'Microsoft']	https://planetarycomputer.microsoft.com/api/stac/v1/collections/kaza-hydroforecast/items	[21.04494, -17.792517, 23.343421, -13.08062]	['2022-01-01T00:00:00Z', None]			['data']
JRC Global Surface Water	jrc-gsw	Global surface water distribution and dynamics from 1984 to 2020	proprietary		jrc-gsw	ai4edataeuwest	['Global', 'Water', 'Landsat']	['European Commission Joint Research Centre', 'Google', 'Microsoft']	https://planetarycomputer.microsoft.com/api/stac/v1/collections/jrc-gsw/items	[-180.0, -56.0, 180.0, 78.0]	['1984-03-01T00:00:00Z', '2020-12-31T11:59:59Z']			['change', 'extent', 'occurrence', 'recurrence', 'seasonality', 'transitions']
Land Cover of Canada	nrcan-landcover	Collection of Land Cover products for Canada as produced by Natural Resources Canada using Landsat satellite imagery. This collection of cartographic products offers classified Land Cover of Canada at a 30 metre scale, updated on a 5 year basis.	OGL-Canada-2.0		landcover	nrcanlandcovereuwest	['Land Cover', 'Remote Sensing', 'Landsat', 'North America', 'Canada']	['Natural Resources Canada | Ressources naturelles Canada', 'Sparkgeo', 'Microsoft']	https://planetarycomputer.microsoft.com/api/stac/v1/collections/nrcan-landcover/items	[-141.003, 41.6755, -52.6174, 83.1139]	['2015-01-01T00:00:00Z', '2020-01-01T00:00:00Z']			['metadata', 'landcover']
Landsat 8 Collection 2 Level-2	landsat-8-c2-l2	Landsat 8 has captured 30m-resolution imagery of the Earth since 2013.  This dataset contains global, atmospherically-corrected imagery from Landsat Collection 2.	proprietary	landsat	landsat-c2	landsateuwest	['Landsat', 'USGS', 'NASA', 'Satellite', 'Global', 'Imagery', 'Reflectance']	['NASA', 'USGS', 'Microsoft']	https://planetarycomputer.microsoft.com/api/stac/v1/collections/landsat-8-c2-l2/items	[-180, -90, 180, 90]	['2013-04-11T00:00:00Z', None]			['ANG', 'SR_B1', 'SR_B2', 'SR_B3', 'SR_B4', 'SR_B5', 'SR_B6', 'SR_B7', 'ST_QA', 'ST_B10', 'MTL.txt', 'MTL.xml', 'ST_DRAD', 'ST_EMIS', 'ST_EMSD', 'ST_TRAD', 'ST_URAD', 'MTL.json', 'QA_PIXEL', 'ST_ATRAN', 'ST_CDIST', 'QA_RADSAT', 'thumbnail', 'SR_QA_AEROSOL', 'reduced_resolution_browse']
Landsat Collection 2 Level-1	landsat-c2-l1	Landsat Collection 2 Level-1 data from the Multispectral Scanner System (MSS) onboard Landsat 1 through Landsat 5.	proprietary	landsat	landsat-c2	landsateuwest	['Landsat', 'USGS', 'NASA', 'Satellite', 'Global', 'Imagery']	['NASA', 'USGS', 'Microsoft']	https://planetarycomputer.microsoft.com/api/stac/v1/collections/landsat-c2-l1/items	[-180.0, -90.0, 180.0, 90.0]	['1972-07-25T00:00:00Z', '2013-01-07T23:23:59Z']			['red', 'green', 'nir08', 'nir09', 'mtl.txt', 'mtl.xml', 'mtl.json', 'qa_pixel', 'qa_radsat']
Landsat Collection 2 Level-2	landsat-c2-l2	Landsat Collection 2 Level-2 data from the Thematic Mapper (TM) onboard Landsat 4 and 5, the Enhanced Thematic Mapper Plus (ETM+) onboard Landsat 7, and the Operational Land Imager (OLI) and Thermal Infrared Sensor (TIRS) onboard Landsat 8 and 9.	proprietary	landsat	landsat-c2	landsateuwest	['Landsat', 'USGS', 'NASA', 'Satellite', 'Global', 'Imagery', 'Reflectance', 'Temperature']	['NASA', 'USGS', 'Microsoft']	https://planetarycomputer.microsoft.com/api/stac/v1/collections/landsat-c2-l2/items	[-180.0, -90.0, 180.0, 90.0]	['1982-08-22T00:00:00Z', None]			['qa', 'ang', 'red', 'blue', 'drad', 'emis', 'emsd', 'lwir', 'trad', 'urad', 'atran', 'cdist', 'green', 'nir08', 'lwir11', 'swir16', 'swir22', 'coastal', 'mtl.txt', 'mtl.xml', 'cloud_qa', 'mtl.json', 'qa_pixel', 'qa_radsat', 'qa_aerosol', 'atmos_opacity']
MODIS Burned Area Monthly	modis-64A1-061	MODIS Burned Area Monthly	proprietary	modis	modis-061	modiseuwest	['NASA', 'MODIS', 'Satellite', 'Imagery', 'Global', 'Fire', 'MCD64A1']	['NASA LP DAAC at the USGS EROS Center', 'Microsoft']	https://planetarycomputer.microsoft.com/api/stac/v1/collections/modis-64A1-061/items	[-180, -90, 180, 90]	['2000-11-01T00:00:00Z', None]			['QA', 'hdf', 'Last_Day', 'metadata', 'Burn_Date', 'First_Day', 'Burn_Date_Uncertainty']
MODIS Gross Primary Productivity 8-Day	modis-17A2H-061	MODIS Gross Primary Productivity 8-Day	proprietary	modis	modis-061	modiseuwest	['NASA', 'MODIS', 'Satellite', 'Vegetation', 'Global', 'MOD17A2H', 'MYD17A2H']	['NASA LP DAAC at the USGS EROS Center', 'Microsoft']	https://planetarycomputer.microsoft.com/api/stac/v1/collections/modis-17A2H-061/items	[-180, -90, 180, 90]	['2000-02-18T00:00:00Z', None]			['hdf', 'Gpp_500m', 'metadata', 'PsnNet_500m', 'Psn_QC_500m']
MODIS Gross Primary Productivity 8-Day Gap-Filled	modis-17A2HGF-061	MODIS Gross Primary Productivity 8-Day Gap-Filled	proprietary	modis	modis-061	modiseuwest	['NASA', 'MODIS', 'Satellite', 'Vegetation', 'Global', 'MOD17A2HGF', 'MYD17A2HGF']	['NASA LP DAAC at the USGS EROS Center', 'Microsoft']	https://planetarycomputer.microsoft.com/api/stac/v1/collections/modis-17A2HGF-061/items	[-180, -90, 180, 90]	['2000-02-18T00:00:00Z', None]			['hdf', 'Gpp_500m', 'metadata', 'PsnNet_500m', 'Psn_QC_500m']
MODIS Land Surface Temperature/3-Band Emissivity 8-Day	modis-21A2-061	MODIS Land Surface Temperature/3-Band Emissivity 8-Day	proprietary	modis	modis-061	modiseuwest	['NASA', 'MODIS', 'Satellite', 'Global', 'Temperature', 'MOD21A2', 'MYD21A2']	['NASA LP DAAC at the USGS EROS Center', 'Microsoft']	https://planetarycomputer.microsoft.com/api/stac/v1/collections/modis-21A2-061/items	[-180, -90, 180, 90]	['2000-02-16T00:00:00Z', None]			['hdf', 'QC_Day', 'Emis_29', 'Emis_31', 'Emis_32', 'QC_Night', 'metadata', 'LST_Day_1KM', 'LST_Night_1KM', 'View_Time_Day', 'View_Angle_Day', 'View_Time_Night', 'View_Angle_Night']
MODIS Land Surface Temperature/Emissivity 8-Day	modis-11A2-061	MODIS Land Surface Temperature/Emissivity 8-Day	proprietary	modis	modis-061	modiseuwest	['NASA', 'MODIS', 'Satellite', 'Global', 'Temperature', 'MOD11A2', 'MYD11A2']	['NASA LP DAAC at the USGS EROS Center', 'Microsoft']	https://planetarycomputer.microsoft.com/api/stac/v1/collections/modis-11A2-061/items	[-180, -90, 180, 90]	['2000-02-18T00:00:00Z', None]			['hdf', 'QC_Day', 'Emis_31', 'Emis_32', 'QC_Night', 'metadata', 'LST_Day_1km', 'Day_view_angl', 'Day_view_time', 'LST_Night_1km', 'Clear_sky_days', 'Night_view_angl', 'Night_view_time', 'Clear_sky_nights']
MODIS Land Surface Temperature/Emissivity Daily	modis-11A1-061	MODIS Land Surface Temperature/Emissivity Daily	proprietary	modis	modis-061	modiseuwest	['NASA', 'MODIS', 'Satellite', 'Global', 'Temperature', 'MOD11A1', 'MYD11A1']	['NASA LP DAAC at the USGS EROS Center', 'Microsoft']	https://planetarycomputer.microsoft.com/api/stac/v1/collections/modis-11A1-061/items	[-180, -90, 180, 90]	['2000-02-24T00:00:00Z', None]			['hdf', 'QC_Day', 'Emis_31', 'Emis_32', 'QC_Night', 'metadata', 'LST_Day_1km', 'Clear_day_cov', 'Day_view_angl', 'Day_view_time', 'LST_Night_1km', 'Clear_night_cov', 'Night_view_angl', 'Night_view_time']
MODIS Leaf Area Index/FPAR 4-Day	modis-15A3H-061	MODIS Leaf Area Index/FPAR 4-Day	proprietary	modis	modis-061	modiseuwest	['NASA', 'MODIS', 'Satellite', 'Global', 'Vegetation', 'MCD15A3H']	['NASA LP DAAC at the USGS EROS Center', 'Microsoft']	https://planetarycomputer.microsoft.com/api/stac/v1/collections/modis-15A3H-061/items	[-180, -90, 180, 90]	['2002-07-04T00:00:00Z', None]			['hdf', 'Lai_500m', 'metadata', 'Fpar_500m', 'FparLai_QC', 'FparExtra_QC', 'LaiStdDev_500m', 'FparStdDev_500m']
MODIS Leaf Area Index/FPAR 8-Day	modis-15A2H-061	MODIS Leaf Area Index/FPAR 8-Day	proprietary	modis	modis-061	modiseuwest	['NASA', 'MODIS', 'Satellite', 'Global', 'Vegetation', 'MCD15A2H', 'MOD15A2H', 'MYD15A2H']	['NASA LP DAAC at the USGS EROS Center', 'Microsoft']	https://planetarycomputer.microsoft.com/api/stac/v1/collections/modis-15A2H-061/items	[-180, -90, 180, 90]	['2002-07-04T00:00:00Z', None]			['hdf', 'Lai_500m', 'metadata', 'Fpar_500m', 'FparLai_QC', 'FparExtra_QC', 'LaiStdDev_500m', 'FparStdDev_500m']
MODIS Nadir BRDF-Adjusted Reflectance (NBAR) Daily	modis-43A4-061	MODIS Nadir BRDF-Adjusted Reflectance (NBAR) Daily	proprietary	modis	modis-061	modiseuwest	['NASA', 'MODIS', 'Satellite', 'Imagery', 'Global', 'Reflectance', 'MCD43A4']	['NASA LP DAAC at the USGS EROS Center', 'Microsoft']	https://planetarycomputer.microsoft.com/api/stac/v1/collections/modis-43A4-061/items	[-180, -90, 180, 90]	['2000-02-16T00:00:00Z', None]			['hdf', 'metadata', 'Nadir_Reflectance_Band1', 'Nadir_Reflectance_Band2', 'Nadir_Reflectance_Band3', 'Nadir_Reflectance_Band4', 'Nadir_Reflectance_Band5', 'Nadir_Reflectance_Band6', 'Nadir_Reflectance_Band7', 'BRDF_Albedo_Band_Mandatory_Quality_Band1', 'BRDF_Albedo_Band_Mandatory_Quality_Band2', 'BRDF_Albedo_Band_Mandatory_Quality_Band3', 'BRDF_Albedo_Band_Mandatory_Quality_Band4', 'BRDF_Albedo_Band_Mandatory_Quality_Band5', 'BRDF_Albedo_Band_Mandatory_Quality_Band6', 'BRDF_Albedo_Band_Mandatory_Quality_Band7']
MODIS Net Evapotranspiration Yearly Gap-Filled	modis-16A3GF-061	MODIS Net Evapotranspiration Yearly Gap-Filled	proprietary	modis	modis-061	modiseuwest	['NASA', 'MODIS', 'Satellite', 'Global', 'Vegetation', 'MOD16A3GF', 'MYD16A3GF']	['NASA LP DAAC at the USGS EROS Center', 'Microsoft']	https://planetarycomputer.microsoft.com/api/stac/v1/collections/modis-16A3GF-061/items	[-180, -90, 180, 90]	['2001-01-01T00:00:00Z', None]			['hdf', 'ET_500m', 'LE_500m', 'PET_500m', 'PLE_500m', 'metadata', 'ET_QC_500m']
MODIS Net Primary Production Yearly Gap-Filled	modis-17A3HGF-061	MODIS Net Primary Production Yearly Gap-Filled	proprietary	modis	modis-061	modiseuwest	['NASA', 'MODIS', 'Satellite', 'Vegetation', 'Global', 'MOD17A3HGF', 'MYD17A3HGF']	['NASA LP DAAC at the USGS EROS Center', 'Microsoft']	https://planetarycomputer.microsoft.com/api/stac/v1/collections/modis-17A3HGF-061/items	[-180, -90, 180, 90]	['2000-02-18T00:00:00Z', None]			['hdf', 'Gpp_500m', 'Npp_500m', 'metadata', 'Npp_QC_500m']
MODIS Snow Cover 8-day	modis-10A2-061	MODIS Snow Cover 8-day	proprietary	modis	modis-061	modiseuwest	['NASA', 'MODIS', 'Satellite', 'Global', 'Snow', 'MOD10A2', 'MYD10A2']	['National Snow and Ice Data Center', 'Microsoft']	https://planetarycomputer.microsoft.com/api/stac/v1/collections/modis-10A2-061/items	[-180, -90, 180, 90]	['2000-02-18T00:00:00Z', None]			['hdf', 'metadata', 'Maximum_Snow_Extent', 'Eight_Day_Snow_Cover']
MODIS Snow Cover Daily	modis-10A1-061	MODIS Snow Cover Daily	proprietary	modis	modis-061	modiseuwest	['NASA', 'MODIS', 'Satellite', 'Global', 'Snow', 'MOD10A1', 'MYD10A1']	['National Snow and Ice Data Center', 'Microsoft']	https://planetarycomputer.microsoft.com/api/stac/v1/collections/modis-10A1-061/items	[-180, -90, 180, 90]	['2000-02-24T00:00:00Z', None]			['hdf', 'NDSI', 'metadata', 'orbit_pnt', 'granule_pnt', 'NDSI_Snow_Cover', 'Snow_Albedo_Daily_Tile', 'NDSI_Snow_Cover_Basic_QA', 'NDSI_Snow_Cover_Algorithm_Flags_QA']
MODIS Surface Reflectance 8-Day (250m)	modis-09Q1-061	MODIS Surface Reflectance 8-Day (250m)	proprietary	modis	modis-061	modiseuwest	['NASA', 'MODIS', 'Satellite', 'Imagery', 'Global', 'Reflectance', 'MOD09Q1', 'MYD09Q1']	['NASA LP DAAC at the USGS EROS Center', 'Microsoft']	https://planetarycomputer.microsoft.com/api/stac/v1/collections/modis-09Q1-061/items	[-180, -90, 180, 90]	['2000-02-18T00:00:00Z', None]			['hdf', 'metadata', 'sur_refl_b01', 'sur_refl_b02', 'sur_refl_qc_250m', 'sur_refl_state_250m']
MODIS Surface Reflectance 8-Day (500m)	modis-09A1-061	MODIS Surface Reflectance 8-Day (500m)	proprietary	modis	modis-061	modiseuwest	['NASA', 'MODIS', 'Satellite', 'Imagery', 'Global', 'Reflectance', 'MOD09A1', 'MYD09A1']	['NASA LP DAAC at the USGS EROS Center', 'Microsoft']	https://planetarycomputer.microsoft.com/api/stac/v1/collections/modis-09A1-061/items	[-180, -90, 180, 90]	['2000-02-18T00:00:00Z', None]			['hdf', 'metadata', 'sur_refl_b01', 'sur_refl_b02', 'sur_refl_b03', 'sur_refl_b04', 'sur_refl_b05', 'sur_refl_b06', 'sur_refl_b07', 'sur_refl_raz', 'sur_refl_szen', 'sur_refl_vzen', 'sur_refl_qc_500m', 'sur_refl_state_500m', 'sur_refl_day_of_year']
MODIS Thermal Anomalies/Fire 8-Day	modis-14A2-061	MODIS Thermal Anomalies/Fire 8-Day	proprietary	modis	modis-061	modiseuwest	['NASA', 'MODIS', 'Satellite', 'Global', 'Fire', 'MOD14A2', 'MYD14A2']	['NASA LP DAAC at the USGS EROS Center', 'Microsoft']	https://planetarycomputer.microsoft.com/api/stac/v1/collections/modis-14A2-061/items	[-180, -90, 180, 90]	['2000-02-18T00:00:00Z', None]			['QA', 'hdf', 'FireMask', 'metadata']
MODIS Thermal Anomalies/Fire Daily	modis-14A1-061	MODIS Thermal Anomalies/Fire Daily	proprietary	modis	modis-061	modiseuwest	['NASA', 'MODIS', 'Satellite', 'Global', 'Fire', 'MOD14A1', 'MYD14A1']	['NASA LP DAAC at the USGS EROS Center', 'Microsoft']	https://planetarycomputer.microsoft.com/api/stac/v1/collections/modis-14A1-061/items	[-180, -90, 180, 90]	['2000-02-18T00:00:00Z', None]			['QA', 'hdf', 'MaxFRP', 'sample', 'FireMask', 'metadata']
MODIS Vegetation Indices 16-Day (250m)	modis-13Q1-061	MODIS Vegetation Indices 16-Day (250m)	proprietary	modis	modis-061	modiseuwest	['NASA', 'MODIS', 'Satellite', 'Global', 'Vegetation', 'MOD13Q1', 'MYD13Q1']	['NASA LP DAAC at the USGS EROS Center', 'Microsoft']	https://planetarycomputer.microsoft.com/api/stac/v1/collections/modis-13Q1-061/items	[-180, -90, 180, 90]	['2000-02-18T00:00:00Z', None]			['hdf', 'metadata', '250m_16_days_EVI', '250m_16_days_NDVI', '250m_16_days_VI_Quality', '250m_16_days_MIR_reflectance', '250m_16_days_NIR_reflectance', '250m_16_days_red_reflectance', '250m_16_days_blue_reflectance', '250m_16_days_sun_zenith_angle', '250m_16_days_pixel_reliability', '250m_16_days_view_zenith_angle', '250m_16_days_relative_azimuth_angle', '250m_16_days_composite_day_of_the_year']
MODIS Vegetation Indices 16-Day (500m)	modis-13A1-061	MODIS Vegetation Indices 16-Day (500m)	proprietary	modis	modis-061	modiseuwest	['NASA', 'MODIS', 'Satellite', 'Global', 'Vegetation', 'MOD13A1', 'MYD13A1']	['NASA LP DAAC at the USGS EROS Center', 'Microsoft']	https://planetarycomputer.microsoft.com/api/stac/v1/collections/modis-13A1-061/items	[-180, -90, 180, 90]	['2000-02-18T00:00:00Z', None]			['hdf', 'metadata', '500m_16_days_EVI', '500m_16_days_NDVI', '500m_16_days_VI_Quality', '500m_16_days_MIR_reflectance', '500m_16_days_NIR_reflectance', '500m_16_days_red_reflectance', '500m_16_days_blue_reflectance', '500m_16_days_sun_zenith_angle', '500m_16_days_pixel_reliability', '500m_16_days_view_zenith_angle', '500m_16_days_relative_azimuth_angle', '500m_16_days_composite_day_of_the_year']
MTBS: Monitoring Trends in Burn Severity	mtbs	Annual burn severity mosaics for the continental United States and Alaska	proprietary		cpdata	cpdataeuwest	['MTBS', 'USGS', 'USFS', 'USDA', 'Forest', 'Fire']	['MTBS program', 'CarbonPlan', 'Microsoft']	https://planetarycomputer.microsoft.com/api/stac/v1/collections/mtbs/items	[-166.705027, 56.331164, -137.664767, 69.980073]	['1984-12-31T00:00:00Z', '2018-12-31T00:00:00Z']			['metadata', 'burn-severity']
Microsoft Building Footprints	ms-buildings	Machine learning detected buildings footprints.	ODbL-1.0		footprints	bingmlbuildings	['Bing Maps', 'Buildings', 'geoparquet', 'Microsoft', 'Footprint']	['Microsoft']	https://planetarycomputer.microsoft.com/api/stac/v1/collections/ms-buildings/items	[-180.0, 90.0, 180.0, -90.0]	['2014-01-01T00:00:00Z', None]			['data']
MoBI: Map of Biodiversity Importance	mobi	Habitat information for 2,216 imperiled species occurring in the continental United States	proprietary		mobi	ai4edataeuwest	['MoBI', 'Natureserve', 'United States', 'Biodiversity']	['NatureServe', 'Microsoft']	https://planetarycomputer.microsoft.com/api/stac/v1/collections/mobi/items	[-130.23751729209377, 21.736663926419077, -63.66198266211968, 49.184200486300604]	['2020-04-14T00:00:00Z', '2020-04-14T00:00:00Z']			['RSR_All', 'RSR_Plants', 'RSR_Vertebrates', 'RSR_AquaticInverts', 'PWRSR_GAP12_SUM_All', 'SpeciesRichness_All', 'RSR_PollinatorInverts', 'PWRSR_GAP12_SUM_Plants', 'SpeciesRichness_Plants', 'PWRSR_GAP12_SUM_Vertebrates', 'SpeciesRichness_Vertebrates', 'PWRSR_GAP12_SUM_AquaticInverts', 'SpeciesRichness_AquaticInverts', 'PWRSR_GAP12_SUM_PollinatorInverts', 'SpeciesRichness_PollinatorInverts']
Monthly NOAA U.S. Climate Gridded Dataset (NClimGrid)	noaa-nclimgrid-monthly	Gridded surface observations of monthly temperature and precipitation for the continental United States	proprietary	noaa-nclimgrid	nclimgrid-cogs	nclimgridwesteurope	['United States', 'NOAA', 'NClimGrid', 'Climate', 'Precipitation', 'Temperature']	['NOAA National Centers for Environmental Information', 'Microsoft']	https://planetarycomputer.microsoft.com/api/stac/v1/collections/noaa-nclimgrid-monthly/items	[-124.708333, 24.541666, -66.999995, 49.375001]	['1895-01-01T00:00:00Z', None]			['prcp', 'tavg', 'tmax', 'tmin']
NAIP: National Agriculture Imagery Program	naip	NAIP provides US-wide, high-resolution aerial imagery.  This dataset includes NAIP images from 2010 to the present.	proprietary		naip	naipeuwest	['NAIP', 'Aerial', 'Imagery', 'USDA', 'AFPO', 'Agriculture', 'United States']	['USDA Farm Service Agency', 'Esri', 'Microsoft']	https://planetarycomputer.microsoft.com/api/stac/v1/collections/naip/items	[-124.784, 24.744, -66.951, 49.346]	['2010-01-01T00:00:00Z', '2020-12-31T00:00:00Z']			['image', 'metadata', 'thumbnail']
NASADEM HGT v001	nasadem	Global topographic data at 1 arc-second (~30m) horizontal resolution, derived primarily from data captured via the Shuttle Radar Topography Mission	proprietary		nasadem-cog	nasademeuwest	['NASA', 'JPL', 'Elevation', 'DEM', 'USGS', 'NGA', 'SRTM']	['NASA', 'JPL', 'USGS', 'OpenTopography', 'Microsoft']	https://planetarycomputer.microsoft.com/api/stac/v1/collections/nasadem/items	[-179.000139, -56.000139, 179.000139, 61.000139]	['2000-02-20T00:00:00Z', '2000-02-20T00:00:00Z']			['elevation']
NOAA MRMS QPE 1-Hour Pass 1	noaa-mrms-qpe-1h-pass1	Integrated multi-sensor cumulative precipation estimate for the past hour with a 1-hour latency.	proprietary	noaa-mrms-qpe	mrms-cogs	mrms	['NOAA', 'MRMS', 'QPE', 'Precipitation', 'Weather', 'United States', 'Guam', 'Caribbean']	['NOAA National Severe Storms Laboratory', 'Microsoft']	https://planetarycomputer.microsoft.com/api/stac/v1/collections/noaa-mrms-qpe-1h-pass1/items	[-176.0, 9.0, 150.0, 72.0]	['2022-07-21T20:00:00Z', None]			['cog', 'grib2']
NOAA MRMS QPE 1-Hour Pass 2	noaa-mrms-qpe-1h-pass2	Integrated multi-sensor cumulative precipation estimate for the past hour with a 2-hour latency.	proprietary	noaa-mrms-qpe	mrms-cogs	mrms	['NOAA', 'MRMS', 'QPE', 'Precipitation', 'Weather', 'United States', 'Guam', 'Caribbean']	['NOAA National Severe Storms Laboratory', 'Microsoft']	https://planetarycomputer.microsoft.com/api/stac/v1/collections/noaa-mrms-qpe-1h-pass2/items	[-176.0, 9.0, 150.0, 72.0]	['2022-07-21T20:00:00Z', None]			['cog', 'grib2']
NOAA MRMS QPE 24-Hour Pass 2	noaa-mrms-qpe-24h-pass2	Integrated multi-sensor cumulative precipation estimate for the past 24 hours with a 2-hour latency.	proprietary	noaa-mrms-qpe	mrms-cogs	mrms	['NOAA', 'MRMS', 'QPE', 'Precipitation', 'Weather', 'United States', 'Guam', 'Caribbean']	['NOAA National Severe Storms Laboratory', 'Microsoft']	https://planetarycomputer.microsoft.com/api/stac/v1/collections/noaa-mrms-qpe-24h-pass2/items	[-176.0, 9.0, 150.0, 72.0]	['2022-07-21T20:00:00Z', None]			['cog', 'grib2']
Planet-NICFI Basemaps (Analytic)	planet-nicfi-analytic	Planet's high-resolution, analysis-ready mosaics of the world's tropics	proprietary	planet-nicfi	nicfi	planet	['Planet', 'NICFI', 'Satellite', 'Tropics', 'Imagery']	['Planet', 'Microsoft']	https://planetarycomputer.microsoft.com/api/stac/v1/collections/planet-nicfi-analytic/items	[-180.0, -34.161818157002, 180.0, 30.145127179625]	['2015-12-01T00:00:00Z', None]			['data', 'thumbnail']
Planet-NICFI Basemaps (Visual)	planet-nicfi-visual	Planet's high-resolution, analysis-ready mosaics of the world's tropics	proprietary	planet-nicfi	nicfi	planet	['Planet', 'NICFI', 'Satellite', 'Tropics', 'Imagery']	['Planet', 'Microsoft']	https://planetarycomputer.microsoft.com/api/stac/v1/collections/planet-nicfi-visual/items	[-180.0, -34.161818157002, 180.0, 30.145127179625]	['2015-12-01T00:00:00Z', None]			['data', 'thumbnail']
Sentinel 1 Level-1 Ground Range Detected (GRD)	sentinel-1-grd	Sentinel-1 Level-1 Ground Range Detected (GRD) products consist of focused SAR data that has been detected, multi-looked and projected to ground range using an Earth ellipsoid model.	proprietary	sentinel-1	s1-grd	sentinel1euwest	['ESA', 'Copernicus', 'Sentinel', 'C-Band', 'SAR', 'GRD']	['ESA', 'Microsoft']	https://planetarycomputer.microsoft.com/api/stac/v1/collections/sentinel-1-grd/items	[-180, -90, 180, 90]	['2014-10-10T00:28:21Z', None]			['hh', 'hv', 'vh', 'vv', 'thumbnail', 'safe-manifest', 'schema-noise-hh', 'schema-noise-hv', 'schema-noise-vh', 'schema-noise-vv', 'schema-product-hh', 'schema-product-hv', 'schema-product-vh', 'schema-product-vv', 'schema-calibration-hh', 'schema-calibration-hv', 'schema-calibration-vh', 'schema-calibration-vv']
Sentinel 1 Radiometrically Terrain Corrected (RTC)	sentinel-1-rtc	Radiometrically terrain corrected SAR imagery derived from the Sentinel 1 Level 1 GRD product.	CC-BY-4.0	sentinel-1	sentinel1-grd-rtc	sentinel1euwestrtc	['ESA', 'Copernicus', 'Sentinel', 'C-Band', 'SAR', 'RTC']	['Catalyst', 'Microsoft']	https://planetarycomputer.microsoft.com/api/stac/v1/collections/sentinel-1-rtc/items	[-180, -90, 180, 90]	['2014-10-10T00:28:21Z', None]			['hh', 'hv', 'vh', 'vv']
Sentinel-2 Level-2A	sentinel-2-l2a	The Sentinel-2 program provides global imagery in thirteen spectral bands at 10m-60m resolution and a revisit time of approximately five days.  This dataset contains the global Sentinel-2 archive, from 2016 to the present, processed to L2A (bottom-of-atmosphere).	proprietary		sentinel2-l2	sentinel2l2a01	['Sentinel', 'Copernicus', 'ESA', 'Satellite', 'Global', 'Imagery', 'Reflectance']	['ESA', 'Esri', 'Microsoft']	https://planetarycomputer.microsoft.com/api/stac/v1/collections/sentinel-2-l2a/items	[-180, -90, 180, 90]	['2015-06-27T10:25:31Z', None]			['AOT', 'B01', 'B02', 'B03', 'B04', 'B05', 'B06', 'B07', 'B08', 'B09', 'B11', 'B12', 'B8A', 'SCL', 'WVP', 'visual', 'preview', 'safe-manifest', 'granule-metadata', 'inspire-metadata', 'product-metadata', 'datastrip-metadata']
TerraClimate	terraclimate	Monthly climate and climatic water balance for global terrestrial surfaces from 1958 to the present	CC0-1.0		cpdata	cpdataeuwest	['TerraClimate', 'Water', 'Precipitation', 'Temperature', 'Vapor Pressure', 'Climate']	['Microsoft', 'Climatology Lab', 'Abatzoglou, J.T., S.Z. Dobrowski, S.A. Parks, K.C. Hegewisch']	https://planetarycomputer.microsoft.com/api/stac/v1/collections/terraclimate/items	[-180, -90, 180, 90]	['1958-01-01T00:00:00Z', '2019-12-01T00:00:00Z']	['q', 'ws', 'aet', 'def', 'pet', 'ppt', 'swe', 'vap', 'vpd', 'pdsi', 'soil', 'srad', 'tmax', 'tmin', 'ppt_station_influence', 'vap_station_influence', 'tmax_station_influence', 'tmin_station_influence']	['lat', 'lon', 'time']	
US Census	us-census	United States population counts at various levels of cartographic aggregation	proprietary		us-census	ai4edataeuwest	['US Census Bureau', 'Administrative boundaries', 'Population', 'Demographics']	['United States Census Bureau', 'makepath', 'Microsoft']	https://planetarycomputer.microsoft.com/api/stac/v1/collections/us-census/items	[-124.763068, 24.523096, -66.949895, 49.384358]	['2021-08-01T00:00:00Z', '2021-08-01T00:00:00Z']			['data']
USGS 3DEP Lidar Classification	3dep-lidar-classification	3DEP Lidar collection for Cloud Optimized Geotiffs (COGs) created according to PDAL's Intensity dimension	proprietary	3dep-lidar	usgs-3dep-cogs	usgslidareuwest	['USGS', '3DEP', 'COG', 'Classification']	['Landrush', 'USGS', 'Microsoft']	https://planetarycomputer.microsoft.com/api/stac/v1/collections/3dep-lidar-classification/items	[-166.8546920006028, 17.655357747708283, -64.56116757979399, 71.39330810146807]	['2012-01-01T00:00:00Z', '2022-01-01T00:00:00Z']			['data', 'thumbnail']
USGS 3DEP Lidar Digital Surface Model	3dep-lidar-dsm	3DEP Lidar collection for the Digital Surface Model (DSM) Cloud Optimized Geotiffs (COGs).	proprietary	3dep-lidar	usgs-3dep-cogs	usgslidareuwest	['USGS', '3DEP', 'COG', 'DSM']	['Landrush', 'USGS', 'Microsoft']	https://planetarycomputer.microsoft.com/api/stac/v1/collections/3dep-lidar-dsm/items	[-166.8546920006028, 17.655357747708283, -64.56116757979399, 71.39330810146807]	['2012-01-01T00:00:00Z', '2022-01-01T00:00:00Z']			['data', 'thumbnail']
USGS 3DEP Lidar Digital Terrain Model	3dep-lidar-dtm	3DEP Lidar collection for the Digital Terrain Model (DTM) Cloud Optimized Geotiffs (COGs) using PDAL's filters.smrf.	proprietary	3dep-lidar	usgs-3dep-cogs	usgslidareuwest	['USGS', '3DEP', 'COG', 'DTM']	['Landrush', 'USGS', 'Microsoft']	https://planetarycomputer.microsoft.com/api/stac/v1/collections/3dep-lidar-dtm/items	[-166.8546920006028, 17.655357747708283, -64.56116757979399, 71.39330810146807]	['2012-01-01T00:00:00Z', '2022-01-01T00:00:00Z']			['data', 'thumbnail']
USGS 3DEP Lidar Digital Terrain Model (Native)	3dep-lidar-dtm-native	3DEP Lidar collection for the Digital Terrain Model (DTM) Cloud Optimized Geotiffs (COGs) using vendor provided ground classification.	proprietary	3dep-lidar	usgs-3dep-cogs	usgslidareuwest	['USGS', '3DEP', 'COG', 'DTM']	['Landrush', 'USGS', 'Microsoft']	https://planetarycomputer.microsoft.com/api/stac/v1/collections/3dep-lidar-dtm-native/items	[-166.8546920006028, 17.655357747708283, -64.56116757979399, 71.39330810146807]	['2012-01-01T00:00:00Z', '2022-01-01T00:00:00Z']			['data', 'thumbnail']
USGS 3DEP Lidar Height above Ground	3dep-lidar-hag	3DEP Lidar collection for the Height Above Ground (HAG or Elevation) Cloud Optimized Geotiffs (COGs). All USGS HAG COG STAC items will be associated with this STAC collection.	proprietary	3dep-lidar	usgs-3dep-cogs	usgslidareuwest	['USGS', '3DEP', 'COG', 'Elevation']	['Landrush', 'USGS', 'Microsoft']	https://planetarycomputer.microsoft.com/api/stac/v1/collections/3dep-lidar-hag/items	[-166.8546920006028, 17.655357747708283, -64.56116757979399, 71.39330810146807]	['2012-01-01T00:00:00Z', '2022-01-01T00:00:00Z']			['data', 'thumbnail']
USGS 3DEP Lidar Intensity	3dep-lidar-intensity	3DEP Lidar collection for the Cloud Optimized Geotiffs (COGs) based on the Intensity dimension.	proprietary	3dep-lidar	usgs-3dep-cogs	usgslidareuwest	['USGS', '3DEP', 'COG', 'Intensity']	['Landrush', 'USGS', 'Microsoft']	https://planetarycomputer.microsoft.com/api/stac/v1/collections/3dep-lidar-intensity/items	[-166.8546920006028, 17.655357747708283, -64.56116757979399, 71.39330810146807]	['2012-01-01T00:00:00Z', '2022-01-01T00:00:00Z']			['data', 'thumbnail']
USGS 3DEP Lidar Point Cloud	3dep-lidar-copc	Nationwide Lidar point cloud data in COPC format.	proprietary	3dep-lidar	usgs-3dep-copc	usgslidareuwest	['USGS', '3DEP', 'COG', 'Point cloud']	['Landrush', 'USGS', 'Microsoft']	https://planetarycomputer.microsoft.com/api/stac/v1/collections/3dep-lidar-copc/items	[-166.8546920006028, 17.655357747708283, -64.56116757979399, 71.39330810146807]	['2012-01-01T00:00:00Z', '2022-01-01T00:00:00Z']			['data', 'thumbnail']
USGS 3DEP Lidar Point Source	3dep-lidar-pointsourceid	3DEP Lidar collection for Cloud Optimized Geotiffs (COGs) using PDAL's PointSourceId dimension.	proprietary	3dep-lidar	usgs-3dep-cogs	usgslidareuwest	['USGS', '3DEP', 'COG', 'PointSourceId']	['Landrush', 'USGS', 'Microsoft']	https://planetarycomputer.microsoft.com/api/stac/v1/collections/3dep-lidar-pointsourceid/items	[-166.8546920006028, 17.655357747708283, -64.56116757979399, 71.39330810146807]	['2012-01-01T00:00:00Z', '2022-01-01T00:00:00Z']			['data', 'thumbnail']
USGS 3DEP Lidar Returns	3dep-lidar-returns	3DEP Lidar collection for the Cloud Optimized Geotiffs (COGs) based on the ReturnNumber dimension.	proprietary	3dep-lidar	usgs-3dep-cogs	usgslidareuwest	['USGS', '3DEP', 'COG', 'NumberOfReturns']	['Landrush', 'USGS', 'Microsoft']	https://planetarycomputer.microsoft.com/api/stac/v1/collections/3dep-lidar-returns/items	[-166.8546920006028, 17.655357747708283, -64.56116757979399, 71.39330810146807]	['2012-01-01T00:00:00Z', '2022-01-01T00:00:00Z']			['data', 'thumbnail']
USGS 3DEP Seamless DEMs	3dep-seamless	U.S.-wide digital elevation data at horizontal resolutions ranging from one to sixty meters	PDDL-1.0		3dep	ai4edataeuwest	['USGS', '3DEP', 'NED', 'Elevation', 'DEM']	['USGS', 'Microsoft']	https://planetarycomputer.microsoft.com/api/stac/v1/collections/3dep-seamless/items	[-174.001666666983, -15.00166666667, 164.0016666666, 84.00166666666]	['1925-01-01T00:00:00Z', '2020-05-06T00:00:00Z']			['data', 'gpkg', 'metadata', 'thumbnail']
USGS Gap Land Cover	gap	U.S.-wide land cover information for 2011	proprietary		usgs-gap	ai4edataeuwest	['USGS', 'GAP', 'LANDFIRE', 'Land Cover', 'United States']	['USGS', 'Microsoft']	https://planetarycomputer.microsoft.com/api/stac/v1/collections/gap/items	[-127.9710481801793, 22.797789263564383, -65.26634281147894, 51.64692620669362]	['1999-01-01T00:00:00Z', '2011-12-31T00:00:00Z']			['data']
Urban Innovation Eclipse Sensor Data	eclipse	A network of low-cost air quality sensing network for cities and led by the Urban Innovation Group at Microsoft Research	proprietary		eclipse	ai4edataeuwest	['Eclipse', 'PM25', 'air pollution']	['Urban Innovation', 'Microsoft']	https://planetarycomputer.microsoft.com/api/stac/v1/collections/eclipse/items	[-87.94011408252348, 41.64454312178303, -87.5241371038952, 42.023038586147585]	['2021-01-01T00:00:00Z', None]			['data']
